Nome_da_Concessionaria,Nome_da_Filial,Marca_da_Filial,Custo_do_Veiculo,Marca_do_Veiculo,Modelo_do_Veiculo,Cor_do_Veiculo,Veiculo_Novo_ou_Semi_Novo,Tipo_do_Combustivel,Ano_Modelo_do_Veiculo,Ano_Fabricacao_do_Veiculo,Tempo_Total_no_Estoque,Kilometragem_Atual_do_Veiculo,Data_de_Entrada_do_Veiculo_no_Estoque,Idade_Veiculo
CCM,CCM AUTOS 1,MITSUBISHI,178139.58,MITSUBISHI,ECLIPSE CROSS HPE-S 1.5T S-AWC CVT SPORT,BRANCO,NOVO,GASOLINA,2025,2024,6 A 9 MESES,0.0,2024-04-05,2
CCM,CCM AUTOS 1,MITSUBISHI,175710.28,MITSUBISHI,ECLIPSE CROSS HPE-S 1.5T S-AWC CVT,CINZA,NOVO,GASOLINA,2025,2024,3 A 6 MESES,0.0,2024-05-16,2
CCM,CCM AUTOS 1,MITSUBISHI,241277.97,MITSUBISHI,L200 TRITON SPORT HPE 2.4 D 4X4 AT,BRANCO,NOVO,DIESEL,2025,2024,3 A 6 MESES,0.0,2024-07-04,2
CCM,CCM AUTOS 1,MITSUBISHI,235037.8,MITSUBISHI,L200 TRITON SPORT OUTDOOR PLUS 2.4 D 4X4 AT,BRANCO,NOVO,DIESEL,2025,2024,1 A 3 MESES,0.0,2024-09-16,2
CCM,CCM AUTOS 1,MITSUBISHI,235037.8,MITSUBISHI,L200 TRITON SPORT OUTDOOR PLUS 2.4 D 4X4 AT,PRATA,NOVO,DIESEL,2025,2024,1 A 3 MESES,0.0,2024-09-19,2
CCM,CCM AUTOS 1,MITSUBISHI,248766.17,MITSUBISHI,L200 TRITON SPORT HPE 2.4 D 4X4 AT,PRATA,NOVO,DIESEL,2025,2024,1 A 3 MESES,0.0,2024-09-19,2
CCM,CCM AUTOS 1,MITSUBISHI,226717.6,MITSUBISHI,L200 TRITON SPORT OUTDOOR GLS 2.4 D 4X4 AT,BRANCO,NOVO,DIESEL,2025,2024,1 A 3 MESES,0.0,2024-09-21,2
CCM,CCM AUTOS 1,MITSUBISHI,276887.4,MITSUBISHI,PAJERO SPORT HPE-S 2.4 DI-D 4X4 AT,PRETO,NOVO,DIESEL,2025,2024,MENOS DE 1 MES,0.0,2024-10-03,2
CCM,CCM AUTOS 1,MITSUBISHI,149061.95,MITSUBISHI,ECLIPSE CROSS HPE 1.5T CVT,BRANCO,NOVO,GASOLINA,2025,2024,MENOS DE 1 MES,0.0,2024-10-03,2
CCM,CCM AUTOS 1,MITSUBISHI,138643.08,MITSUBISHI,ECLIPSE CROSS RUSH 1.5T CVT,BRANCO,NOVO,GASOLINA,2025,2024,MENOS DE 1 MES,0.0,2024-10-03,2
CCM,CCM AUTOS 1,MITSUBISHI,263742.56,MITSUBISHI,L200 TRITON SPORT HPE-S 2.4 D 4X4 AT,CINZA,NOVO,DIESEL,2025,2024,MENOS DE 1 MES,0.0,2024-10-10,2
CCM,CCM AUTOS 1,MITSUBISHI,299067.9,MITSUBISHI,PAJERO SPORT LEGEND 2.4 DI-D 4X4 AT,CINZA,NOVO,DIESEL,2025,2024,MENOS DE 1 MES,0.0,2024-10-17,2
CCM,CCM AUTOS 1,MITSUBISHI,26000.0,MITSUBISHI,L200 SPORT HPE AT 2.5 D 141CV,PRATA,SEMI-NOVO,DIESEL,2006,2006,2 A 3 ANOS,167771.0,2022-06-20,20
CCM,CCM AUTOS 1,MITSUBISHI,125000.0,FIAT,TORO VOLC AT9 4X4,BRANCO,SEMI-NOVO,DIESEL,2022,2021,9 A 12 MESES,62000.0,2023-11-14,5
CCM,CCM AUTOS 1,MITSUBISHI,3000.0,HONDA,HONDA BIZ 125,BRANCO,SEMI-NOVO,ALCOOL/GASOLINA,2018,2018,9 A 12 MESES,0.0,2023-12-06,8
CCM,CCM AUTOS 1,MITSUBISHI,3000.0,HONDA,HONDA BIZ 125,VERMELHO,SEMI-NOVO,ALCOOL/GASOLINA,2015,2015,9 A 12 MESES,0.0,2023-12-06,11
CCM,CCM AUTOS 1,MITSUBISHI,159989.95,MITSUBISHI,ECLIPSE CR HPES,PRETO,SEMI-NOVO,GASOLINA,2024,2023,3 A 6 MESES,19000.0,2024-06-26,3
CCM,CCM AUTOS 1,MITSUBISHI,50000.0,MITSUBISHI,L200 TRITON SPORT GLS 2.4 D 4X4 AT,PRATA,SEMI-NOVO,DIESEL,2023,2022,1 A 3 MESES,105129.0,2024-08-05,4
CCM,CCM AUTOS 1,MITSUBISHI,80000.0,HYUNDAI,HYUNDAI/CRETA 16A ACTION,PRETO,SEMI-NOVO,ALCOOL/GASOLINA,2021,2021,1 A 3 MESES,50000.0,2024-08-17,5
CCM,CCM AUTOS 1,MITSUBISHI,60000.0,JEEP,JEEP/RENEGADE 1.8 AT,PRETO,SEMI-NOVO,ALCOOL/GASOLINA,2021,2020,1 A 3 MESES,43300.0,2024-09-11,6
CCM,CCM AUTOS 1,MITSUBISHI,114000.0,CHEVROLET,CHEVROLET/S10 LTZ DD4A,BRANCO,SEMI-NOVO,DIESEL,2018,2017,1 A 3 MESES,152000.0,2024-09-20,9
CCM,CCM AUTOS 1,MITSUBISHI,270000.0,MITSUBISHI,L200 TRITON SPORT HPE-S 2.4 D 4X4 AT,PRATA,SEMI-NOVO,DIESEL,2025,2024,1 A 3 MESES,5500.0,2024-09-30,2
CCM,CCM AUTOS 1,MITSUBISHI,68000.0,FORD,I/ FORD FUSION AWD GTDI B,PRETO,SEMI-NOVO,GASOLINA,2015,2015,MENOS DE 1 MES,88000.0,2024-10-03,11
CCM,CCM AUTOS 1,MITSUBISHI,180000.0,MITSUBISHI,PAJERO SPORT HPE,CINZA,SEMI-NOVO,DIESEL,2020,2019,MENOS DE 1 MES,125000.0,2024-10-11,7
CCM,CCM AUTOS 1,MITSUBISHI,85000.0,VOLKSWAGEN,VW/SAVEIRO CD CROSS MPI,PRATA,SEMI-NOVO,ALCOOL/GASOLINA,2023,2023,MENOS DE 1 MES,19800.0,2024-10-16,3
CCM,CCM AUTOS 1,MITSUBISHI,107500.0,FIAT,FIAT/TORO FREED T270 AT6,BRANCO,SEMI-NOVO,ALCOOL/GASOLINA,2023,2023,MENOS DE 1 MES,65000.0,2024-10-18,3
CCM,CCM AUTOS 1,MITSUBISHI,37500.0,VOLKSWAGEN,NOVA SAVEIRO RB MBVS,BRANCO,SEMI-NOVO,ALCOOL/GASOLINA,2018,2017,MENOS DE 1 MES,172000.0,2024-10-23,9
CCM,CCM AUTOS 1,MITSUBISHI,125000.0,TOYOTA,TOYOTA/CCROSS XRE 20,PRATA,SEMI-NOVO,ALCOOL/GASOLINA,0,0,MENOS DE 1 MES,52955.0,2024-10-31,2026
CCM,CCM AUTOS 2,VOLKSWAGEN,197004.64,VOLKSWAGEN,JETTA GLI 350 TSI 231CV DSG,BRANCO,NOVO,GASOLINA,2024,2024,6 A 9 MESES,0.0,2024-05-03,2
CCM,CCM AUTOS 2,VOLKSWAGEN,155237.34,VOLKSWAGEN,VW/T CROSS HL TSI,BRANCO,NOVO,ALCOOL/GASOLINA,2025,2024,3 A 6 MESES,0.0,2024-06-26,2
CCM,CCM AUTOS 2,VOLKSWAGEN,82526.45,VOLKSWAGEN,POLO TRACK ROCK IN RIO,BRANCO,NOVO,ALCOOL/GASOLINA,2025,2024,3 A 6 MESES,0.0,2024-07-05,2
CCM,CCM AUTOS 2,VOLKSWAGEN,236664.06,VOLKSWAGEN,TIGUAN ALLSPACE R LINE 2 0L 300 TSI,PRETO,NOVO,GASOLINA,2024,2024,3 A 6 MESES,0.0,2024-07-12,2
CCM,CCM AUTOS 2,VOLKSWAGEN,149151.55,VOLKSWAGEN,VW/T CROSS HL TSI,BRANCO,NOVO,ALCOOL/GASOLINA,2025,2024,3 A 6 MESES,0.0,2024-07-19,2
CCM,CCM AUTOS 2,VOLKSWAGEN,118584.39,VOLKSWAGEN,NIVUS COMFORTLINE 200 TSI 128HP AT,BRANCO,NOVO,ALCOOL/GASOLINA,2024,2024,3 A 6 MESES,0.0,2024-07-26,2
CCM,CCM AUTOS 2,VOLKSWAGEN,104033.8,VOLKSWAGEN,NIVUS SENSE 200 TSI 128HP AT,CINZA,NOVO,ALCOOL/GASOLINA,2024,2024,3 A 6 MESES,0.0,2024-07-31,2
CCM,CCM AUTOS 2,VOLKSWAGEN,99351.88,VOLKSWAGEN,POLO COMFORTLINE TSI AT 116HP,BRANCO,NOVO,ALCOOL/GASOLINA,2025,2024,3 A 6 MESES,0.0,2024-08-01,2
CCM,CCM AUTOS 2,VOLKSWAGEN,87993.91,VOLKSWAGEN,VW/POLO SENSE,BRANCO,NOVO,ALCOOL/GASOLINA,2025,2024,1 A 3 MESES,0.0,2024-08-07,2
CCM,CCM AUTOS 2,VOLKSWAGEN,105507.72,VOLKSWAGEN,POLO HIGHLINE TSI AT 116HP,BRANCO,NOVO,ALCOOL/GASOLINA,2025,2024,1 A 3 MESES,0.0,2024-08-07,2
CCM,CCM AUTOS 2,VOLKSWAGEN,228475.28,VOLKSWAGEN,TIGUAN ALLSPACE R LINE 2 0L 300 TSI,CINZA,NOVO,ALCOOL/GASOLINA,2024,2024,1 A 3 MESES,0.0,2024-08-14,2
CCM,CCM AUTOS 2,VOLKSWAGEN,82526.45,VOLKSWAGEN,POLO TRACK ROCK IN RIO,BRANCO,NOVO,ALCOOL/GASOLINA,2025,2024,1 A 3 MESES,0.0,2024-08-15,2
CCM,CCM AUTOS 2,VOLKSWAGEN,107198.43,VOLKSWAGEN,POLO HIGHLINE TSI AT 116HP,CINZA,NOVO,ALCOOL/GASOLINA,2025,2024,1 A 3 MESES,0.0,2024-08-15,2
CCM,CCM AUTOS 2,VOLKSWAGEN,158007.38,VOLKSWAGEN,VW/T CROSS HL TSI,PRETO,NOVO,ALCOOL/GASOLINA,2025,2024,1 A 3 MESES,0.0,2024-08-20,2
CCM,CCM AUTOS 2,VOLKSWAGEN,107198.43,VOLKSWAGEN,POLO HIGHLINE TSI AT 116HP,CINZA,NOVO,ALCOOL/GASOLINA,2025,2024,1 A 3 MESES,0.0,2024-08-26,2
CCM,CCM AUTOS 2,VOLKSWAGEN,151781.02,VOLKSWAGEN,VW/T CROSS HL TSI,PRETO,NOVO,ALCOOL/GASOLINA,2025,2024,1 A 3 MESES,0.0,2024-09-02,2
CCM,CCM AUTOS 2,VOLKSWAGEN,236664.06,VOLKSWAGEN,TIGUAN ALLSPACE R LINE 2 0L 300 TSI,BRANCO,NOVO,ALCOOL/GASOLINA,2024,2024,1 A 3 MESES,0.0,2024-09-04,2
CCM,CCM AUTOS 2,VOLKSWAGEN,198610.27,VOLKSWAGEN,JETTA GLI 350 TSI 231CV DSG,AZUL,NOVO,GASOLINA,2024,2024,1 A 3 MESES,0.0,2024-08-30,2
CCM,CCM AUTOS 2,VOLKSWAGEN,236664.06,VOLKSWAGEN,TIGUAN ALLSPACE R LINE 2 0L 300 TSI,PRETO,NOVO,ALCOOL/GASOLINA,2024,2024,1 A 3 MESES,0.0,2024-09-04,2
CCM,CCM AUTOS 2,VOLKSWAGEN,236664.06,VOLKSWAGEN,TIGUAN ALLSPACE R LINE 2 0L 300 TSI,PRETO,NOVO,ALCOOL/GASOLINA,2024,2024,1 A 3 MESES,0.0,2024-09-02,2
CCM,CCM AUTOS 2,VOLKSWAGEN,130630.71,VOLKSWAGEN,VIRTUS EXCLUSIVE250 TSI AT 150HP,BRANCO,NOVO,ALCOOL/GASOLINA,2025,2024,1 A 3 MESES,0.0,2024-09-06,2
CCM,CCM AUTOS 2,VOLKSWAGEN,102100.51,VOLKSWAGEN,SAVEIRO EXTREME CD 116HP,BRANCO,NOVO,ALCOOL/GASOLINA,2025,2024,1 A 3 MESES,0.0,2024-09-06,2
CCM,CCM AUTOS 2,VOLKSWAGEN,178569.34,VOLKSWAGEN,TAOS HIGHLINE 1 4 TSI AUT,CINZA,NOVO,ALCOOL/GASOLINA,2024,2024,1 A 3 MESES,0.0,2024-09-06,2
CCM,CCM AUTOS 2,VOLKSWAGEN,104033.8,VOLKSWAGEN,NIVUS SENSE 200 TSI 128HP AT,BRANCO,NOVO,ALCOOL/GASOLINA,2024,2024,1 A 3 MESES,0.0,2024-09-09,2
CCM,CCM AUTOS 2,VOLKSWAGEN,127656.37,VOLKSWAGEN,VIRTUS HIGHLINE 200 TSI AT 128HP,CINZA,NOVO,ALCOOL/GASOLINA,2025,2024,1 A 3 MESES,0.0,2024-09-11,2
CCM,CCM AUTOS 2,VOLKSWAGEN,120074.49,VOLKSWAGEN,NIVUS COMFORTLINE 200 TSI 128HP AT,PRETO,NOVO,ALCOOL/GASOLINA,2024,2024,1 A 3 MESES,4000000000.0,2024-09-12,2
CCM,CCM AUTOS 2,VOLKSWAGEN,170700.31,VOLKSWAGEN,TAOS HIGHLINE 1 4 TSI AUT,BRANCO,NOVO,ALCOOL/GASOLINA,2024,2024,1 A 3 MESES,0.0,2024-09-16,2
CCM,CCM AUTOS 2,VOLKSWAGEN,135029.8,VOLKSWAGEN,NIVUS HIGHLINE 200 TSI 128HP AT,AZUL,NOVO,ALCOOL/GASOLINA,2024,2024,1 A 3 MESES,0.0,2024-09-17,2
CCM,CCM AUTOS 2,VOLKSWAGEN,150854.92,VOLKSWAGEN,VW/T CROSS HL TSI,AZUL,NOVO,ALCOOL/GASOLINA,2025,2024,1 A 3 MESES,0.0,2024-09-19,2
CCM,CCM AUTOS 2,VOLKSWAGEN,120863.35,VOLKSWAGEN,NIVUS COMFORTLINE 200 TSI 128HP AT,BRANCO,NOVO,ALCOOL/GASOLINA,2024,2024,1 A 3 MESES,0.0,2024-09-27,2
CCM,CCM AUTOS 2,VOLKSWAGEN,198530.0,VOLKSWAGEN,JETTA GLI 350 TSI 231CV DSG,BRANCO,NOVO,GASOLINA,2024,2024,1 A 3 MESES,0.0,2024-09-27,2
CCM,CCM AUTOS 2,VOLKSWAGEN,106461.46,VOLKSWAGEN,POLO HIGHLINE TSI AT 116HP,PRETO,NOVO,ALCOOL/GASOLINA,2025,2024,1 A 3 MESES,0.0,2024-09-30,2
CCM,CCM AUTOS 2,VOLKSWAGEN,107892.04,VOLKSWAGEN,POLO HIGHLINE TSI AT 116HP,CINZA,NOVO,ALCOOL/GASOLINA,2025,2024,MENOS DE 1 MES,0.0,2024-10-04,2
CCM,CCM AUTOS 2,VOLKSWAGEN,104349.38,VOLKSWAGEN,SAVEIRO EXTREME CD 116HP,CINZA,NOVO,ALCOOL/GASOLINA,2025,2024,MENOS DE 1 MES,0.0,2024-10-03,2
CCM,CCM AUTOS 2,VOLKSWAGEN,185473.52,VOLKSWAGEN,TAOS HIGHLINE 1 4 TSI AUT,CINZA,NOVO,ALCOOL/GASOLINA,2024,2024,MENOS DE 1 MES,0.0,2024-10-04,2
CCM,CCM AUTOS 2,VOLKSWAGEN,107892.04,VOLKSWAGEN,POLO HIGHLINE TSI AT 116HP,CINZA,NOVO,ALCOOL/GASOLINA,0,0,MENOS DE 1 MES,0.0,2024-10-03,2026
CCM,CCM AUTOS 2,VOLKSWAGEN,103995.61,VOLKSWAGEN,SAVEIRO EXTREME CD 116HP,CINZA,NOVO,ALCOOL/GASOLINA,0,0,MENOS DE 1 MES,0.0,2024-10-04,2026
CCM,CCM AUTOS 2,VOLKSWAGEN,212278.84,VOLKSWAGEN,TIGUAN ALLSPACE R LINE 2 0L 300 TSI,CINZA,NOVO,ALCOOL/GASOLINA,0,0,MENOS DE 1 MES,0.0,2024-10-03,2026
CCM,CCM AUTOS 2,VOLKSWAGEN,151417.66,VOLKSWAGEN,T CROSS COMFORTLINE 200 TSI AT 128CV,CINZA,NOVO,ALCOOL/GASOLINA,0,0,MENOS DE 1 MES,0.0,2024-10-03,2026
CCM,CCM AUTOS 2,VOLKSWAGEN,151417.66,VOLKSWAGEN,T CROSS COMFORTLINE 200 TSI AT 128CV,AZUL,NOVO,ALCOOL/GASOLINA,0,0,MENOS DE 1 MES,0.0,2024-10-03,2026
CCM,CCM AUTOS 2,VOLKSWAGEN,106461.46,VOLKSWAGEN,POLO HIGHLINE TSI AT 116HP,PRETO,NOVO,ALCOOL/GASOLINA,2025,2024,MENOS DE 1 MES,0.0,2024-10-03,2
CCM,CCM AUTOS 2,VOLKSWAGEN,107892.04,VOLKSWAGEN,POLO HIGHLINE TSI AT 116HP,CINZA,NOVO,ALCOOL/GASOLINA,2025,2024,MENOS DE 1 MES,0.0,2024-10-03,2
CCM,CCM AUTOS 2,VOLKSWAGEN,238325.9,VOLKSWAGEN,TIGUAN ALLSPACE R LINE 2 0L 300 TSI,CINZA,NOVO,ALCOOL/GASOLINA,2024,2024,MENOS DE 1 MES,0.0,2024-10-07,2
CCM,CCM AUTOS 2,VOLKSWAGEN,185473.52,VOLKSWAGEN,TAOS HIGHLINE 1 4 TSI AUT,CINZA,NOVO,ALCOOL/GASOLINA,2024,2024,MENOS DE 1 MES,0.0,2024-10-07,2
CCM,CCM AUTOS 2,VOLKSWAGEN,119767.69,VOLKSWAGEN,VIRTUS COMFORTLINE 200 TSI AT 128HP,CINZA,NOVO,ALCOOL/GASOLINA,2025,2024,MENOS DE 1 MES,0.0,2024-10-07,2
CCM,CCM AUTOS 2,VOLKSWAGEN,161571.19,VOLKSWAGEN,VW/T CROSS HL TSI,BRANCO,NOVO,ALCOOL/GASOLINA,2025,2024,MENOS DE 1 MES,0.0,2024-10-15,2
CCM,CCM AUTOS 2,VOLKSWAGEN,121608.39,VOLKSWAGEN,NIVUS COMFORTLINE 200 TSI 128HP AT,CINZA,NOVO,ALCOOL/GASOLINA,2024,2024,MENOS DE 1 MES,0.0,2024-10-14,2
CCM,CCM AUTOS 2,VOLKSWAGEN,84523.27,VOLKSWAGEN,POLO TRACK ROCK IN RIO,CINZA,NOVO,ALCOOL/GASOLINA,2025,2024,MENOS DE 1 MES,0.0,2024-10-17,2
CCM,CCM AUTOS 2,VOLKSWAGEN,168970.69,VOLKSWAGEN,TAOS HIGHLINE 1 4 TSI AUT,CINZA,NOVO,ALCOOL/GASOLINA,2024,2024,MENOS DE 1 MES,0.0,2024-10-16,2
CCM,CCM AUTOS 2,VOLKSWAGEN,158619.27,VOLKSWAGEN,VW/T CROSS HL TSI,PRETO,NOVO,ALCOOL/GASOLINA,2025,2024,MENOS DE 1 MES,0.0,2024-10-17,2
CCM,CCM AUTOS 2,VOLKSWAGEN,168970.69,VOLKSWAGEN,TAOS HIGHLINE 1 4 TSI AUT,PRETO,NOVO,ALCOOL/GASOLINA,2024,2024,MENOS DE 1 MES,0.0,2024-10-16,2
CCM,CCM AUTOS 2,VOLKSWAGEN,168970.69,VOLKSWAGEN,TAOS HIGHLINE 1 4 TSI AUT,CINZA,NOVO,ALCOOL/GASOLINA,2024,2024,MENOS DE 1 MES,0.0,2024-10-17,2
CCM,CCM AUTOS 2,VOLKSWAGEN,162274.03,VOLKSWAGEN,VW/T CROSS HL TSI,CINZA,NOVO,ALCOOL/GASOLINA,2025,2024,MENOS DE 1 MES,0.0,2024-10-16,2
CCM,CCM AUTOS 2,VOLKSWAGEN,89381.14,VOLKSWAGEN,VW/POLO SENSE,CINZA,NOVO,ALCOOL/GASOLINA,2025,2024,MENOS DE 1 MES,0.0,2024-10-16,2
CCM,CCM AUTOS 2,VOLKSWAGEN,131471.17,VOLKSWAGEN,T CROSS 200 TSI 200 TSI AT 128CV,PRETO,NOVO,ALCOOL/GASOLINA,2025,2024,MENOS DE 1 MES,0.0,2024-10-25,2
CCM,CCM AUTOS 2,VOLKSWAGEN,147544.98,VOLKSWAGEN,T CROSS COMFORTLINE 200 TSI AT 128CV,CINZA,NOVO,ALCOOL/GASOLINA,2025,2024,MENOS DE 1 MES,0.0,2024-10-25,2
CCM,CCM AUTOS 2,VOLKSWAGEN,132994.12,VOLKSWAGEN,T CROSS 200 TSI 200 TSI AT 128CV,CINZA,NOVO,ALCOOL/GASOLINA,2025,2024,MENOS DE 1 MES,0.0,2024-10-25,2
CCM,CCM AUTOS 2,VOLKSWAGEN,162274.03,VOLKSWAGEN,VW/T CROSS HL TSI,CINZA,NOVO,ALCOOL/GASOLINA,2025,2024,MENOS DE 1 MES,0.0,2024-10-25,2
CCM,CCM AUTOS 2,VOLKSWAGEN,132994.12,VOLKSWAGEN,T CROSS 200 TSI 200 TSI AT 128CV,PRATA,NOVO,ALCOOL/GASOLINA,2025,2024,MENOS DE 1 MES,0.0,2024-10-25,2
CCM,CCM AUTOS 2,VOLKSWAGEN,132994.12,VOLKSWAGEN,T CROSS 200 TSI 200 TSI AT 128CV,CINZA,NOVO,ALCOOL/GASOLINA,2025,2024,MENOS DE 1 MES,0.0,2024-10-24,2
CCM,CCM AUTOS 2,VOLKSWAGEN,132994.12,VOLKSWAGEN,T CROSS 200 TSI 200 TSI AT 128CV,AZUL,NOVO,ALCOOL/GASOLINA,2025,2024,MENOS DE 1 MES,0.0,2024-10-24,2
CCM,CCM AUTOS 2,VOLKSWAGEN,202182.83,VOLKSWAGEN,JETTA GLI 350 TSI 231CV DSG,CINZA,NOVO,GASOLINA,2024,2024,MENOS DE 1 MES,0.0,2024-10-22,2
CCM,CCM AUTOS 2,VOLKSWAGEN,120074.49,VOLKSWAGEN,NIVUS COMFORTLINE 200 TSI 128HP AT,PRETO,NOVO,ALCOOL/GASOLINA,2024,2024,MENOS DE 1 MES,0.0,2024-10-23,2
CCM,CCM AUTOS 2,VOLKSWAGEN,129409.42,VOLKSWAGEN,VIRTUS HIGHLINE 200 TSI AT 128HP,PRATA,NOVO,ALCOOL/GASOLINA,2025,2024,MENOS DE 1 MES,0.0,2024-10-23,2
CCM,CCM AUTOS 2,VOLKSWAGEN,89381.14,VOLKSWAGEN,VW/POLO SENSE,CINZA,NOVO,ALCOOL/GASOLINA,2025,2024,MENOS DE 1 MES,0.0,2024-10-23,2
CCM,CCM AUTOS 2,VOLKSWAGEN,162274.03,VOLKSWAGEN,VW/T CROSS HL TSI,CINZA,NOVO,ALCOOL/GASOLINA,2025,2024,MENOS DE 1 MES,0.0,2024-10-24,2
CCM,CCM AUTOS 2,VOLKSWAGEN,89381.14,VOLKSWAGEN,VW/POLO SENSE,CINZA,NOVO,ALCOOL/GASOLINA,2025,2024,MENOS DE 1 MES,0.0,2024-10-25,2
CCM,CCM AUTOS 2,VOLKSWAGEN,150854.92,VOLKSWAGEN,VW/T CROSS HL TSI,CINZA,NOVO,NAO ESPECIFICADO,2025,2024,MENOS DE 1 MES,0.0,2024-10-24,2
CCM,CCM AUTOS 2,VOLKSWAGEN,150854.92,VOLKSWAGEN,VW/T CROSS HL TSI,CINZA,NOVO,ALCOOL/GASOLINA,2025,2024,MENOS DE 1 MES,0.0,2024-10-30,2
CCM,CCM AUTOS 2,VOLKSWAGEN,109279.28,VOLKSWAGEN,POLO HIGHLINE TSI AT 116HP,PRATA,NOVO,ALCOOL/GASOLINA,2025,2024,MENOS DE 1 MES,0.0,2024-10-30,2
CCM,CCM AUTOS 2,VOLKSWAGEN,135002.84,VOLKSWAGEN,NIVUS HIGHLINE 200 TSI 128HP AT,CINZA,NOVO,NAO ESPECIFICADO,2024,2024,MENOS DE 1 MES,0.0,2024-10-26,2
CCM,CCM AUTOS 2,VOLKSWAGEN,150854.92,VOLKSWAGEN,VW/T CROSS HL TSI,CINZA,NOVO,ALCOOL/GASOLINA,2025,2024,MENOS DE 1 MES,0.0,2024-10-30,2
CCM,CCM AUTOS 2,VOLKSWAGEN,132994.12,VOLKSWAGEN,T CROSS 200 TSI 200 TSI AT 128CV,PRATA,NOVO,NAO ESPECIFICADO,2025,2024,MENOS DE 1 MES,0.0,2024-10-26,2
CCM,CCM AUTOS 2,VOLKSWAGEN,161571.19,VOLKSWAGEN,VW/T CROSS HL TSI,BRANCO,NOVO,NAO ESPECIFICADO,2025,2024,MENOS DE 1 MES,0.0,2024-10-27,2
CCM,CCM AUTOS 2,VOLKSWAGEN,165292.69,VOLKSWAGEN,TAOS HIGHLINE 1 4 TSI AUT,BRANCO,NOVO,NAO ESPECIFICADO,2024,2024,MENOS DE 1 MES,0.0,2024-10-27,2
CCM,CCM AUTOS 2,VOLKSWAGEN,104033.8,VOLKSWAGEN,NIVUS SENSE 200 TSI 128HP AT,PRETO,NOVO,ALCOOL/GASOLINA,2024,2024,MENOS DE 1 MES,0.0,2024-10-30,2
CCM,CCM AUTOS 2,VOLKSWAGEN,104033.8,VOLKSWAGEN,NIVUS SENSE 200 TSI 128HP AT,CINZA,NOVO,NAO ESPECIFICADO,2024,2024,MENOS DE 1 MES,0.0,2024-10-29,2
CCM,CCM AUTOS 2,VOLKSWAGEN,104033.8,VOLKSWAGEN,NIVUS SENSE 200 TSI 128HP AT,PRETO,NOVO,NAO ESPECIFICADO,2024,2024,MENOS DE 1 MES,0.0,2024-10-29,2
CCM,CCM AUTOS 2,VOLKSWAGEN,152390.69,VOLKSWAGEN,TAOS HIGHLINE 1 4 TSI AUT,AZUL,NOVO,NAO ESPECIFICADO,2024,2024,MENOS DE 1 MES,0.0,2024-10-29,2
CCM,CCM AUTOS 2,VOLKSWAGEN,153815.12,VOLKSWAGEN,VW/T CROSS HL TSI,CINZA,NOVO,NAO ESPECIFICADO,2025,2024,MENOS DE 1 MES,0.0,2024-10-29,2
CCM,CCM AUTOS 2,VOLKSWAGEN,160066.28,VOLKSWAGEN,VW/T CROSS HL TSI,CINZA,NOVO,NAO ESPECIFICADO,2025,2024,MENOS DE 1 MES,0.0,2024-10-30,2
CCM,CCM AUTOS 2,VOLKSWAGEN,152390.69,VOLKSWAGEN,TAOS HIGHLINE 1 4 TSI AUT,PRATA,NOVO,NAO ESPECIFICADO,0,0,MENOS DE 1 MES,0.0,2024-10-31,2026
CCM,CCM AUTOS 2,VOLKSWAGEN,132994.12,VOLKSWAGEN,T CROSS 200 TSI 200 TSI AT 128CV,AZUL,NOVO,NAO ESPECIFICADO,0,0,MENOS DE 1 MES,0.0,2024-10-31,2026
CCM,CCM AUTOS 2,VOLKSWAGEN,92823.0,VOLKSWAGEN,NOVO JETTA R-LINE250 TSI,PRETO,SEMI-NOVO,ALCOOL/GASOLINA,2018,2018,9 A 12 MESES,136000.0,2024-01-19,8
CCM,CCM AUTOS 2,VOLKSWAGEN,117000.0,CAOA CHERY,CHERY TIGGO7 PRO 16T,CINZA,SEMI-NOVO,ALCOOL/GASOLINA,2022,2021,6 A 9 MESES,28000.0,2024-04-29,5
CCM,CCM AUTOS 2,VOLKSWAGEN,48000.0,VOLKSWAGEN,TIGUAN 2.0 TSI 16V 200CV TIPTR,PRETO,SEMI-NOVO,GASOLINA/GAS NATURAL,2015,2014,3 A 6 MESES,114000.0,2024-06-26,12
CCM,CCM AUTOS 2,VOLKSWAGEN,75000.0,VOLKSWAGEN,T-CROSS SENSE 200 TSI AT,PRATA,SEMI-NOVO,ALCOOL/GASOLINA,2021,2021,3 A 6 MESES,80000.0,2024-06-28,5
CCM,CCM AUTOS 2,VOLKSWAGEN,36000.0,CHEVROLET,ONIX 1.4 MPFI LTZ 8V FLEX 4P AUTOMATICO,PRATA,SEMI-NOVO,ALCOOL/GASOLINA,2020,2020,3 A 6 MESES,220000.0,2024-07-15,6
CCM,CCM AUTOS 2,VOLKSWAGEN,28500.0,VOLKSWAGEN,UP HIGH SA 1.0,PRATA,SEMI-NOVO,ALCOOL/GASOLINA,2015,2014,3 A 6 MESES,155000.0,2024-07-17,12
CCM,CCM AUTOS 2,VOLKSWAGEN,43000.0,FIAT,ARGO 1.0,BRANCO,SEMI-NOVO,ALCOOL/GASOLINA,2020,2019,3 A 6 MESES,185992.0,2024-07-23,7
CCM,CCM AUTOS 2,VOLKSWAGEN,61000.0,VOLKSWAGEN,JETTA 2.0 TSI HIGHLINE 211CV GASOLINA 4P,PRETO,SEMI-NOVO,ALCOOL/GASOLINA,2015,2014,1 A 3 MESES,109640.0,2024-08-05,12
CCM,CCM AUTOS 2,VOLKSWAGEN,43000.0,FIAT,ARGO 1.8 E.TORQ FLEX HGT AT6,CINZA,SEMI-NOVO,ALCOOL/GASOLINA,2018,2017,1 A 3 MESES,39621.0,2024-08-15,9
CCM,CCM AUTOS 2,VOLKSWAGEN,21000.0,FIAT,IDEA ADV.LOCK.DUALOGIC 1.8 FLEX 5P,BRANCO,SEMI-NOVO,ALCOOL/GASOLINA,2013,2012,1 A 3 MESES,115849.0,2024-08-29,14
CCM,CCM AUTOS 2,VOLKSWAGEN,250000.0,VOLKSWAGEN,AMAROK COMFORTLINE CABINE DUPLA AT 4X4 1,AZUL,SEMI-NOVO,DIESEL,2023,2022,1 A 3 MESES,74000.0,2024-09-02,4
CCM,CCM AUTOS 2,VOLKSWAGEN,45560.0,MULTIMARCA,XC 60 2.0 T5 240CV 5P,BRANCO,SEMI-NOVO,GASOLINA/GAS NATURAL,2013,2013,1 A 3 MESES,138000.0,2024-09-12,13
CCM,CCM AUTOS 2,VOLKSWAGEN,31000.0,FORD,KA 1.0 SE 12V FLEX 4P MANUAL,PRETO,SEMI-NOVO,ALCOOL/GASOLINA,2019,2018,1 A 3 MESES,123000.0,2024-09-18,8
CCM,CCM AUTOS 2,VOLKSWAGEN,140000.0,MERCEDES-BENZ,M. BENZ GLC250 4MATIC,BRANCO,SEMI-NOVO,DIESEL,2016,2015,1 A 3 MESES,98000.0,2024-09-23,11
CCM,CCM AUTOS 2,VOLKSWAGEN,69000.0,VOLKSWAGEN,POLO TRACK 84CV,BRANCO,SEMI-NOVO,ALCOOL/GASOLINA,2024,2023,1 A 3 MESES,7000.0,2024-09-25,3
CCM,CCM AUTOS 2,VOLKSWAGEN,115000.0,VOLKSWAGEN,AMAROK 3.0 V6 TDI DIESEL HIGHLINE CD 4MO,CINZA,SEMI-NOVO,DIESEL,2019,2019,1 A 3 MESES,161000.0,2024-09-25,7
CCM,CCM AUTOS 2,VOLKSWAGEN,131000.0,VOLKSWAGEN,T-CROSS HIGHLINE250 TSI AT,PRATA,SEMI-NOVO,ALCOOL/GASOLINA,2024,2023,1 A 3 MESES,5100.0,2024-09-26,3
CCM,CCM AUTOS 2,VOLKSWAGEN,64000.0,VOLKSWAGEN,JETTA 2.0 TSI HIGHLINE 211CV GASOLINA 4P,PRETO,SEMI-NOVO,GASOLINA/GAS NATURAL,2016,2015,1 A 3 MESES,103000.0,2024-09-26,11
CCM,CCM AUTOS 2,VOLKSWAGEN,67000.0,CITROËN,CITROEN C4 CACTUS FEEL A,PRETO,SEMI-NOVO,ALCOOL/GASOLINA,2023,2022,1 A 3 MESES,76500.0,2024-09-30,4
CCM,CCM AUTOS 2,VOLKSWAGEN,78000.0,MITSUBISHI,MMC OUTLANDER 3.0 V6,PRATA,SEMI-NOVO,GASOLINA/GAS NATURAL,2016,2015,1 A 3 MESES,110646.0,2024-09-30,11
CCM,CCM AUTOS 2,VOLKSWAGEN,120000.0,BMW,X1 2.0 16V TURBO ACTIVEFLEX SDRIVE20I 4P,PRETO,SEMI-NOVO,ALCOOL/GASOLINA,2019,2019,1 A 3 MESES,57117.0,2024-09-30,7
CCM,CCM AUTOS 2,VOLKSWAGEN,80000.0,FIAT,PULSE DRIVE TF200,VERMELHO,SEMI-NOVO,ALCOOL/GASOLINA,2023,2023,1 A 3 MESES,54000.0,2024-09-30,3
CCM,CCM AUTOS 2,VOLKSWAGEN,115000.0,VOLKSWAGEN,AMAROK HIGHLINE CABINE DUPLA AT 4X4 180C,BRANCO,SEMI-NOVO,DIESEL,2018,2017,MENOS DE 1 MES,83500.0,2024-10-01,9
CCM,CCM AUTOS 2,VOLKSWAGEN,31000.0,HYUNDAI,HB20 1.6 COMFORT 16V,BRANCO,SEMI-NOVO,ALCOOL/GASOLINA,2014,2014,MENOS DE 1 MES,72000.0,2024-10-07,12
CCM,CCM AUTOS 2,VOLKSWAGEN,77000.0,FIAT,TORO 1.8 16V EVO FLEX FREEDOM OPEN EDITI,BRANCO,SEMI-NOVO,ALCOOL/GASOLINA,2019,2018,MENOS DE 1 MES,55500.0,2024-10-11,8
CCM,CCM AUTOS 2,VOLKSWAGEN,88000.0,VOLKSWAGEN,NIVUS CL TSI AD,PRETO,SEMI-NOVO,ALCOOL/GASOLINA,2023,2022,MENOS DE 1 MES,41000.0,2024-10-11,4
CCM,CCM AUTOS 2,VOLKSWAGEN,112500.0,VOLKSWAGEN,T-CROSS HIGHLINE250 TSI AT,PRATA,SEMI-NOVO,ALCOOL/GASOLINA,2020,2019,MENOS DE 1 MES,42000.0,2024-10-11,7
CCM,CCM AUTOS 2,VOLKSWAGEN,73000.0,VOLKSWAGEN,SAVEIRO TRENDLINE CS 116HP,PRATA,SEMI-NOVO,ALCOOL/GASOLINA,2023,2022,MENOS DE 1 MES,18000.0,2024-10-14,4
CCM,CCM AUTOS 2,VOLKSWAGEN,34000.0,VOLKSWAGEN,POLO 1 6 MSI AT 117HP,BRANCO,SEMI-NOVO,ALCOOL/GASOLINA,2018,2018,MENOS DE 1 MES,400000.0,2024-10-16,8
CCM,CCM AUTOS 2,VOLKSWAGEN,6000.0,PEUGEOT,207 SED. PASSION XR SPORT 1.4 FLEX 8V 4P,PRETO,SEMI-NOVO,ALCOOL/GASOLINA,2011,2010,MENOS DE 1 MES,131925.0,2024-10-16,16
CCM,CCM AUTOS 2,VOLKSWAGEN,50000.0,VOLKSWAGEN,JETTA COMFORTLINE 1.4 TSI 16V 4P AUT.,PRETO,SEMI-NOVO,GASOLINA/GAS NATURAL,2016,2016,MENOS DE 1 MES,82000.0,2024-10-16,10
CCM,CCM AUTOS 2,VOLKSWAGEN,135000.0,VOLKSWAGEN,T-CROSS HIGHLINE250 TSI AT,BRANCO,SEMI-NOVO,ALCOOL/GASOLINA,2024,2023,MENOS DE 1 MES,25000.0,2024-10-16,3
CCM,CCM AUTOS 2,VOLKSWAGEN,60000.0,VOLKSWAGEN,VIRTUS COMFORTLINE 200 TSI AT 128HP,CINZA,SEMI-NOVO,ALCOOL/GASOLINA,2018,2018,MENOS DE 1 MES,87000.0,2024-10-21,8
CCM,CCM AUTOS 2,VOLKSWAGEN,52560.0,FORD,FOCUS 1.6 8V 103CV 5P,BRANCO,SEMI-NOVO,ALCOOL/GASOLINA,2018,2018,MENOS DE 1 MES,43700.0,2024-10-22,8
CCM,CCM AUTOS 2,VOLKSWAGEN,82000.0,NISSAN,KICKS 1 6 ADVANCE CVT PLUS,AZUL,SEMI-NOVO,ALCOOL/GASOLINA,2022,2022,MENOS DE 1 MES,20000.0,2024-10-22,4
CCM,CCM AUTOS 2,VOLKSWAGEN,189056.08,JEEP,JEEP/COMMANDER OVR T270,BRANCO,SEMI-NOVO,ALCOOL/GASOLINA,2022,2022,MENOS DE 1 MES,40033.0,2024-10-22,4
CCM,CCM AUTOS 2,VOLKSWAGEN,45000.0,HYUNDAI,IX35 2.0 MPFI GLS 4X2 16V GASOLINA 4P MA,PRETO,SEMI-NOVO,ALCOOL/GASOLINA,2014,2013,MENOS DE 1 MES,142000.0,2024-10-23,13
CCM,CCM AUTOS 2,VOLKSWAGEN,55000.0,VOLKSWAGEN,POLO 1 6 MSI 117HP,CINZA,SEMI-NOVO,ALCOOL/GASOLINA,2020,2019,MENOS DE 1 MES,63000.0,2024-10-23,7
CCM,CCM AUTOS 2,VOLKSWAGEN,63500.0,VOLKSWAGEN,VIRTUS COMFORTLINE 200 TSI AT 128HP,PRATA,SEMI-NOVO,ALCOOL/GASOLINA,2019,2018,MENOS DE 1 MES,28000.0,2024-10-24,8
CCM,CCM AUTOS 2,VOLKSWAGEN,45000.0,VOLKSWAGEN,TIGUAN 2.0 TSI 16V 200CV TIPTR,BRANCO,SEMI-NOVO,GASOLINA/GAS NATURAL,2013,2013,MENOS DE 1 MES,73000.0,2024-10-24,13
CCM,CCM AUTOS 2,VOLKSWAGEN,114759.45,VOLKSWAGEN,T-CROSS COMFORTLINE 200 TSI AT,BRANCO,,ALCOOL/GASOLINA,2024,2023,MENOS DE 1 MES,15000.0,2024-10-25,3
CCM,CCM AUTOS 2,VOLKSWAGEN,35000.0,MULTIMARCA,SANTA FÉ 3.5 MPFI GLS 7 LUGARES V6 24V 2,PRETO,,GASOLINA/GAS NATURAL,2011,2010,MENOS DE 1 MES,89000.0,2024-10-28,16
CCM,CCM AUTOS 2,VOLKSWAGEN,65354.99,VOLKSWAGEN,VIRTUS HIGHL,CINZA,,ALCOOL/GASOLINA,2018,2018,MENOS DE 1 MES,79000.0,2024-10-28,8
CCM,CCM AUTOS 2,VOLKSWAGEN,60000.0,CHEVROLET,COBALT 1.8 MPFI LTZ 8V FLEX 4P AUTOMATIC,BRANCO,,ALCOOL/GASOLINA,2020,2019,MENOS DE 1 MES,56000.0,2024-10-29,7
CCM,CCM AUTOS 2,VOLKSWAGEN,92000.0,JEEP,COMPASS LONGITUDE AT FLEX,PRETO,,ALCOOL/GASOLINA,2020,2020,MENOS DE 1 MES,32000.0,2024-10-29,6
CCM,CCM AUTOS 2,VOLKSWAGEN,50000.0,JEEP,RENEGADE LONGITUDE AT 1.8 16V FLEX 4P,BRANCO,,ALCOOL/GASOLINA,2017,2016,MENOS DE 1 MES,95000.0,2024-10-29,10
CCM,CCM AUTOS 2,VOLKSWAGEN,24560.0,VOLKSWAGEN,SPACEFOX 1.6 MI TREND 8V FLEX 4P AUTOMAT,PRETO,SEMI-NOVO,ALCOOL/GASOLINA,2013,2013,MENOS DE 1 MES,143000.0,2024-10-29,13
CCM,CCM AUTOS 2,VOLKSWAGEN,76000.0,VOLKSWAGEN,T-CROSS SENSE 200 TSI AT,PRATA,SEMI-NOVO,ALCOOL/GASOLINA,2020,2020,MENOS DE 1 MES,7000.0,2024-10-30,6
CCM,CCM AUTOS 2,VOLKSWAGEN,113560.0,VOLKSWAGEN,VIRTUS HIGHL,PRATA,SEMI-NOVO,ALCOOL/GASOLINA,2024,2023,MENOS DE 1 MES,10000.0,2024-10-30,3
CCM,CCM AUTOS 2,VOLKSWAGEN,90000.0,JEEP,COMPASS 2.0 16V DIESEL LONGITUDE 4X4 AUT,PRETO,SEMI-NOVO,DIESEL,2020,2020,MENOS DE 1 MES,78000.0,2024-10-30,6
CCM,CCM AUTOS 2,VOLKSWAGEN,120000.0,VOLKSWAGEN,TAOS COMFORTLINE250 TSI,CINZA,SEMI-NOVO,ALCOOL/GASOLINA,2022,2022,MENOS DE 1 MES,25000.0,2024-10-30,4
CCM,CCM AUTOS 2,VOLKSWAGEN,203000.0,VOLKSWAGEN,TIGUAN ALLSPACE R-LINE 350 TSI,CINZA,SEMI-NOVO,GASOLINA/GAS NATURAL,2021,2021,MENOS DE 1 MES,31000.0,2024-10-30,5
CCM,CCM AUTOS 2,VOLKSWAGEN,45000.0,HYUNDAI,HYUNDAI HB20 10M VISION,PRETO,SEMI-NOVO,ALCOOL/GASOLINA,2021,2020,MENOS DE 1 MES,131000.0,2024-10-30,6
CCM,CCM AUTOS 2,VOLKSWAGEN,48000.0,FORD,FUSION TITANIUM 2.0 GTDI ECOBO. AWD AUT,BRANCO,SEMI-NOVO,GASOLINA/GAS NATURAL,0,0,MENOS DE 1 MES,157000.0,2024-10-31,2026
CCM,CCM AUTOS 3,VOLKSWAGEN,52492.53,VOLKSWAGEN,NOVA SAVEIRO 1.6 TRENDLINE CS,BRANCO,NOVO,ALCOOL/GASOLINA,2019,2019,MAIS DE 3 ANOS,0.0,2019-03-30,7
CCM,CCM AUTOS 3,VOLKSWAGEN,15000.0,FIAT,CARRETA REBOQUE BRAVO RCA,PRETO,SEMI-NOVO,NAO ESPECIFICADO,2020,2020,MAIS DE 3 ANOS,0.0,2020-12-17,6
CCM,CCM AUTOS 3,VOLKSWAGEN,92547.95,VOLKSWAGEN,NIVUS HIGHLINE 200 TSI,CINZA,NOVO,ALCOOL/GASOLINA,2022,2022,2 A 3 ANOS,0.0,2022-04-29,4
CCM,CCM AUTOS 3,VOLKSWAGEN,64531.71,VOLKSWAGEN,NOVA SAVEIRO ROBUST CS,BRANCO,NOVO,ALCOOL/GASOLINA,2024,2023,1 A 2 ANOS,0.0,2023-11-03,3
CCM,CCM AUTOS 3,VOLKSWAGEN,162361.19,VOLKSWAGEN,TAOS HIGHLINE 1.4 TSI AUT,CINZA,NOVO,ALCOOL/GASOLINA,2024,2023,9 A 12 MESES,0.0,2024-01-08,3
CCM,CCM AUTOS 3,VOLKSWAGEN,122998.22,VOLKSWAGEN,T-CROSS HIGHLINE250 TSI AT 150CV,CINZA,NOVO,ALCOOL/GASOLINA,2025,2024,3 A 6 MESES,0.0,2024-06-04,2
CCM,CCM AUTOS 3,VOLKSWAGEN,154493.16,VOLKSWAGEN,T-CROSS HIGHLINE250 TSI AT 150CV,PRETO,NOVO,ALCOOL/GASOLINA,2025,2024,3 A 6 MESES,0.0,2024-06-05,2
CCM,CCM AUTOS 3,VOLKSWAGEN,64033.21,VOLKSWAGEN,POLO ROBUST 84HP,BRANCO,NOVO,ALCOOL/GASOLINA,2025,2024,3 A 6 MESES,0.0,2024-06-24,2
CCM,CCM AUTOS 3,VOLKSWAGEN,116859.76,VOLKSWAGEN,T-CROSS COMFORTLINE 200 TSI AT 128CV,BRANCO,NOVO,ALCOOL/GASOLINA,2025,2024,3 A 6 MESES,0.0,2024-07-04,2
CCM,CCM AUTOS 3,VOLKSWAGEN,84406.18,VOLKSWAGEN,POLO HIGHLINE TSI AT 116HP,BRANCO,NOVO,ALCOOL/GASOLINA,2025,2024,1 A 3 MESES,0.0,2024-08-12,2
CCM,CCM AUTOS 3,VOLKSWAGEN,107198.43,VOLKSWAGEN,POLO HIGHLINE TSI AT 116HP,PRATA,NOVO,ALCOOL/GASOLINA,2025,2024,1 A 3 MESES,0.0,2024-08-09,2
CCM,CCM AUTOS 3,VOLKSWAGEN,107198.43,VOLKSWAGEN,POLO HIGHLINE TSI AT 116HP,CINZA,NOVO,ALCOOL/GASOLINA,2025,2024,1 A 3 MESES,0.0,2024-08-20,2
CCM,CCM AUTOS 3,VOLKSWAGEN,221606.39,VOLKSWAGEN,AMAROK V6 EXTREME CABINE DUPLA AT 4X4 258CV,CINZA,NOVO,DIESEL,2025,2024,1 A 3 MESES,0.0,2024-09-09,2
CCM,CCM AUTOS 3,VOLKSWAGEN,104033.8,VOLKSWAGEN,NIVUS SENSE 200 TSI 128HP AT,PRETO,NOVO,ALCOOL/GASOLINA,2024,2024,1 A 3 MESES,0.0,2024-08-31,2
CCM,CCM AUTOS 3,VOLKSWAGEN,197687.03,VOLKSWAGEN,NOVO JETTA GLI,CINZA,NOVO,GASOLINA,2024,2024,1 A 3 MESES,0.0,2024-09-11,2
CCM,CCM AUTOS 3,VOLKSWAGEN,185473.52,VOLKSWAGEN,TAOS HIGHLINE 1.4 TSI AUT,CINZA,NOVO,ALCOOL/GASOLINA,2024,2024,1 A 3 MESES,0.0,2024-09-11,2
CCM,CCM AUTOS 3,VOLKSWAGEN,134292.81,VOLKSWAGEN,NIVUS HIGHLINE 200 TSI,BRANCO,NOVO,ALCOOL/GASOLINA,2024,2024,1 A 3 MESES,0.0,2024-09-11,2
CCM,CCM AUTOS 3,VOLKSWAGEN,134292.81,VOLKSWAGEN,NIVUS HIGHLINE 200 TSI,BRANCO,NOVO,ALCOOL/GASOLINA,2024,2024,1 A 3 MESES,0.0,2024-09-11,2
CCM,CCM AUTOS 3,VOLKSWAGEN,105536.98,VOLKSWAGEN,NOVA SAVEIRO EXTREME CD,BRANCO,NOVO,ALCOOL/GASOLINA,2025,2024,MENOS DE 1 MES,0.0,2024-10-14,2
CCM,CCM AUTOS 3,VOLKSWAGEN,132994.12,VOLKSWAGEN,T-CROSS 200 TSI 200 TSI AT 128CV,PRATA,NOVO,ALCOOL/GASOLINA,2025,2024,MENOS DE 1 MES,0.0,2024-10-28,2
CCM,CCM AUTOS 3,VOLKSWAGEN,132254.4,VOLKSWAGEN,T-CROSS 200 TSI 200 TSI AT 128CV,BRANCO,NOVO,ALCOOL/GASOLINA,2025,2024,MENOS DE 1 MES,0.0,2024-10-28,2
CCM,CCM AUTOS 3,VOLKSWAGEN,152390.69,VOLKSWAGEN,TAOS HIGHLINE 1.4 TSI AUT,PRATA,NOVO,ALCOOL/GASOLINA,2024,2024,MENOS DE 1 MES,0.0,2024-10-29,2
CCM,CCM AUTOS 3,VOLKSWAGEN,153665.12,VOLKSWAGEN,TAOS HIGHLINE 1.4 TSI AUT,CINZA,NOVO,NAO ESPECIFICADO,2024,2024,MENOS DE 1 MES,0.0,2024-10-23,2
CCM,CCM AUTOS 3,VOLKSWAGEN,104033.8,VOLKSWAGEN,NIVUS SENSE 200 TSI 128HP AT,CINZA,,NAO ESPECIFICADO,2024,2024,MENOS DE 1 MES,0.0,2024-10-25,2
CCM,CCM AUTOS 3,VOLKSWAGEN,135029.8,VOLKSWAGEN,NIVUS HIGHLINE 200 TSI,CINZA,,NAO ESPECIFICADO,2024,2024,MENOS DE 1 MES,0.0,2024-10-25,2
CCM,CCM AUTOS 3,VOLKSWAGEN,135029.8,VOLKSWAGEN,NIVUS HIGHLINE 200 TSI,CINZA,,NAO ESPECIFICADO,2024,2024,MENOS DE 1 MES,0.0,2024-10-26,2
CCM,CCM AUTOS 3,VOLKSWAGEN,109279.28,VOLKSWAGEN,POLO HIGHLINE TSI AT 116HP,CINZA,,NAO ESPECIFICADO,2025,2024,MENOS DE 1 MES,0.0,2024-10-26,2
CCM,CCM AUTOS 3,VOLKSWAGEN,89381.14,VOLKSWAGEN,POLO SENSE TSI AT 116HP,CINZA,NOVO,ALCOOL/GASOLINA,2025,2024,MENOS DE 1 MES,0.0,2024-10-31,2
CCM,CCM AUTOS 3,VOLKSWAGEN,105536.98,VOLKSWAGEN,NOVA SAVEIRO EXTREME CD,BRANCO,NOVO,NAO ESPECIFICADO,2025,2024,MENOS DE 1 MES,0.0,2024-10-30,2
CCM,CCM AUTOS 3,VOLKSWAGEN,43100.0,VOLKSWAGEN,GOL 1.0L MC4,BRANCO,SEMI-NOVO,ALCOOL/GASOLINA,2021,2020,6 A 9 MESES,101251.0,2024-04-02,6
CCM,CCM AUTOS 3,VOLKSWAGEN,130000.0,VOLKSWAGEN,TIGUAN ALLSPACE RL,BRANCO,SEMI-NOVO,GASOLINA,2020,2020,6 A 9 MESES,205583.0,2024-04-19,6
CCM,CCM AUTOS 3,VOLKSWAGEN,40000.0,CHEVROLET,SPIN 1.8L MT LS E,BRANCO,SEMI-NOVO,ALCOOL/GASOLINA,2018,2018,3 A 6 MESES,1.0,2024-05-31,8
CCM,CCM AUTOS 3,VOLKSWAGEN,70200.0,PEUGEOT,208 ALLURE AT,BRANCO,SEMI-NOVO,ALCOOL/GASOLINA,2023,2022,1 A 3 MESES,0.0,2024-08-19,4
CCM,CCM AUTOS 3,VOLKSWAGEN,53300.0,FIAT,ARGO 1.0,BRANCO,SEMI-NOVO,ALCOOL/GASOLINA,2023,2022,1 A 3 MESES,0.0,2024-08-19,4
CCM,CCM AUTOS 3,VOLKSWAGEN,58000.0,FIAT,ARGO DRIVE 1.0,BRANCO,SEMI-NOVO,ALCOOL/GASOLINA,2023,2022,1 A 3 MESES,0.0,2024-08-21,4
CCM,CCM AUTOS 3,VOLKSWAGEN,44600.0,FIAT,MOBI LIKE 1.0,BRANCO,SEMI-NOVO,ALCOOL/GASOLINA,2023,2022,1 A 3 MESES,0.0,2024-08-21,4
CCM,CCM AUTOS 3,VOLKSWAGEN,45500.0,FIAT,MOBI LIKE 1.0,BRANCO,SEMI-NOVO,ALCOOL/GASOLINA,2023,2022,1 A 3 MESES,0.0,2024-08-22,4
CCM,CCM AUTOS 3,VOLKSWAGEN,45600.0,FIAT,MOBI LIKE 1.0,BRANCO,SEMI-NOVO,ALCOOL/GASOLINA,2023,2022,1 A 3 MESES,0.0,2024-08-22,4
CCM,CCM AUTOS 3,VOLKSWAGEN,46000.0,FIAT,MOBI LIKE 1.0,PRATA,SEMI-NOVO,ALCOOL/GASOLINA,2023,2022,1 A 3 MESES,0.0,2024-08-22,4
CCM,CCM AUTOS 3,VOLKSWAGEN,54900.0,FIAT,ARGO 1.0,CINZA,SEMI-NOVO,ALCOOL/GASOLINA,2023,2023,1 A 3 MESES,0.0,2024-08-22,3
CCM,CCM AUTOS 3,VOLKSWAGEN,48400.0,RENAULT,KWID INTENS 2,PRATA,SEMI-NOVO,ALCOOL/GASOLINA,2023,2022,1 A 3 MESES,0.0,2024-08-22,4
CCM,CCM AUTOS 3,VOLKSWAGEN,44800.0,RENAULT,KWID ZEN 2,BRANCO,SEMI-NOVO,ALCOOL/GASOLINA,2023,2022,1 A 3 MESES,0.0,2024-08-22,4
CCM,CCM AUTOS 3,VOLKSWAGEN,70990.0,HYUNDAI,HB20S 1.0M COMF,PRATA,SEMI-NOVO,ALCOOL/GASOLINA,2024,2023,1 A 3 MESES,0.0,2024-08-22,3
CCM,CCM AUTOS 3,VOLKSWAGEN,68331.0,HYUNDAI,HB20X 1.6A PREMI,BRANCO,SEMI-NOVO,ALCOOL/GASOLINA,2022,2021,1 A 3 MESES,0.0,2024-08-22,5
CCM,CCM AUTOS 3,VOLKSWAGEN,106582.0,VOLKSWAGEN,T CROSS TSI,PRETO,SEMI-NOVO,ALCOOL/GASOLINA,2024,2023,1 A 3 MESES,0.0,2024-08-22,3
CCM,CCM AUTOS 3,VOLKSWAGEN,106582.0,VOLKSWAGEN,T CROSS TSI,CINZA,SEMI-NOVO,ALCOOL/GASOLINA,2024,2023,1 A 3 MESES,0.0,2024-08-23,3
CCM,CCM AUTOS 3,VOLKSWAGEN,47882.0,VOLKSWAGEN,GOL MPI,BRANCO,SEMI-NOVO,ALCOOL/GASOLINA,2023,2022,1 A 3 MESES,0.0,2024-08-24,4
CCM,CCM AUTOS 3,VOLKSWAGEN,59631.0,HYUNDAI,HB20 1.0 M EVOLUT,PRATA,SEMI-NOVO,ALCOOL/GASOLINA,2022,2022,1 A 3 MESES,0.0,2024-08-24,4
CCM,CCM AUTOS 3,VOLKSWAGEN,45909.0,FIAT,MOBI LIKE 1.0,PRATA,SEMI-NOVO,ALCOOL/GASOLINA,2023,2022,1 A 3 MESES,0.0,2024-08-26,4
CCM,CCM AUTOS 3,VOLKSWAGEN,87335.0,HYUNDAI,HB20S 10 TA COMFOR,CINZA,SEMI-NOVO,ALCOOL/GASOLINA,2024,2023,1 A 3 MESES,0.0,2024-08-27,3
CCM,CCM AUTOS 3,VOLKSWAGEN,38000.0,RENAULT,KWID ZEN 10MT,BRANCO,SEMI-NOVO,ALCOOL/GASOLINA,2021,2020,1 A 3 MESES,44306.0,2024-09-27,6
CCM,CCM AUTOS 3,VOLKSWAGEN,58799.0,HYUNDAI,HB20 1.0M COMFOR,BRANCO,SEMI-NOVO,ALCOOL/GASOLINA,2023,2022,1 A 3 MESES,0.0,2024-09-05,4
CCM,CCM AUTOS 3,VOLKSWAGEN,55383.0,HYUNDAI,HB20 10M VISION,PRATA,SEMI-NOVO,ALCOOL/GASOLINA,2022,2021,1 A 3 MESES,0.0,2024-09-11,5
CCM,CCM AUTOS 3,VOLKSWAGEN,73390.0,CHEVROLET,ONIX PLUS 10TMT LTZ,PRATA,SEMI-NOVO,ALCOOL/GASOLINA,2023,2022,1 A 3 MESES,0.0,2024-09-11,4
CCM,CCM AUTOS 3,VOLKSWAGEN,72790.0,CHEVROLET,ONIX PLUS 10TMT LTZ,PRATA,SEMI-NOVO,ALCOOL/GASOLINA,2023,2022,1 A 3 MESES,0.0,2024-09-11,4
CCM,CCM AUTOS 3,VOLKSWAGEN,46190.0,RENAULT,KWID ZEN 2,BRANCO,SEMI-NOVO,ALCOOL/GASOLINA,2023,2022,1 A 3 MESES,0.0,2024-09-11,4
CCM,CCM AUTOS 3,VOLKSWAGEN,55490.0,FIAT,ARGO 1.0,BRANCO,SEMI-NOVO,ALCOOL/GASOLINA,2023,2022,1 A 3 MESES,0.0,2024-09-11,4
CCM,CCM AUTOS 3,VOLKSWAGEN,74190.0,CHEVROLET,ONIS 10MT LT2,PRATA,SEMI-NOVO,ALCOOL/GASOLINA,2024,2023,1 A 3 MESES,0.0,2024-09-11,3
CCM,CCM AUTOS 3,VOLKSWAGEN,67590.0,HYUNDAI,HB20 1.0M COMFOR,BRANCO,SEMI-NOVO,ALCOOL/GASOLINA,2024,2023,1 A 3 MESES,0.0,2024-09-11,3
CCM,CCM AUTOS 3,VOLKSWAGEN,64790.0,PEUGEOT,PEUGEOT 208 ACTIVE AT,BRANCO,SEMI-NOVO,ALCOOL/GASOLINA,2022,2022,1 A 3 MESES,0.0,2024-09-12,4
CCM,CCM AUTOS 3,VOLKSWAGEN,65990.0,CHEVROLET,ONIX 10MT LT2,BRANCO,SEMI-NOVO,ALCOOL/GASOLINA,2023,2022,1 A 3 MESES,0.0,2024-09-12,4
CCM,CCM AUTOS 3,VOLKSWAGEN,67990.0,PEUGEOT,PEUGEOT 208 ACTIVE AT,AZUL,SEMI-NOVO,ALCOOL/GASOLINA,2023,2022,1 A 3 MESES,0.0,2024-09-12,4
CCM,CCM AUTOS 3,VOLKSWAGEN,95690.0,RENAULT,CAPTUR INT13TCVT,CINZA,SEMI-NOVO,ALCOOL/GASOLINA,2023,2022,1 A 3 MESES,0.0,2024-09-12,4
CCM,CCM AUTOS 3,VOLKSWAGEN,55190.0,FIAT,ARGO 1.0,BRANCO,SEMI-NOVO,ALCOOL/GASOLINA,2023,2022,1 A 3 MESES,0.0,2024-09-13,4
CCM,CCM AUTOS 3,VOLKSWAGEN,48290.0,FIAT,MOBI LIKE 1.0S,BRANCO,SEMI-NOVO,ALCOOL/GASOLINA,2023,2023,1 A 3 MESES,0.0,2024-09-13,3
CCM,CCM AUTOS 3,VOLKSWAGEN,47290.0,FIAT,MOBI LIKE 1.0,BRANCO,SEMI-NOVO,ALCOOL/GASOLINA,2023,2022,1 A 3 MESES,0.0,2024-09-13,4
CCM,CCM AUTOS 3,VOLKSWAGEN,79390.0,CITROËN,CITROEN C4 CACTUS FEEL 1.6,BRANCO,SEMI-NOVO,ALCOOL/GASOLINA,2023,2022,1 A 3 MESES,0.0,2024-09-13,4
CCM,CCM AUTOS 3,VOLKSWAGEN,74990.0,CHEVROLET,ONIX 10TMT LTZ,PRETO,SEMI-NOVO,ALCOOL/GASOLINA,2023,2023,1 A 3 MESES,0.0,2024-09-13,3
CCM,CCM AUTOS 3,VOLKSWAGEN,66890.0,HYUNDAI,HB20 1.0M COMFOR,PRETO,SEMI-NOVO,ALCOOL/GASOLINA,2024,2023,1 A 3 MESES,0.0,2024-09-16,3
CCM,CCM AUTOS 3,VOLKSWAGEN,47390.0,FIAT,MOBI LIKE 1.0,BRANCO,SEMI-NOVO,ALCOOL/GASOLINA,2023,2022,1 A 3 MESES,0.0,2024-09-16,4
CCM,CCM AUTOS 3,VOLKSWAGEN,55390.0,FIAT,ARGO 1.0,BRANCO,SEMI-NOVO,ALCOOL/GASOLINA,2023,2022,1 A 3 MESES,0.0,2024-09-17,4
CCM,CCM AUTOS 3,VOLKSWAGEN,55390.0,FIAT,ARGO 1.0,BRANCO,SEMI-NOVO,ALCOOL/GASOLINA,2023,2022,1 A 3 MESES,0.0,2024-09-17,4
CCM,CCM AUTOS 3,VOLKSWAGEN,30000.0,FIAT,UNO ATTRACTIVE 1.0,PRATA,SEMI-NOVO,ALCOOL/GASOLINA,2017,2016,1 A 3 MESES,91741.0,2024-09-21,10
CCM,CCM AUTOS 3,VOLKSWAGEN,10000.0,CITROËN,CITROEN C3 EXCL 1.4 FLEX,PRETO,SEMI-NOVO,ALCOOL/GASOLINA,2008,2008,1 A 3 MESES,18000.0,2024-09-21,18
CCM,CCM AUTOS 3,VOLKSWAGEN,110000.0,VOLKSWAGEN,VIRTUS EXCLUSIVE,BRANCO,SEMI-NOVO,ALCOOL/GASOLINA,2024,2023,1 A 3 MESES,37284.0,2024-09-23,3
CCM,CCM AUTOS 3,VOLKSWAGEN,110000.0,VOLKSWAGEN,AMAROK CD 4X4 COMFORTLINE,PRATA,SEMI-NOVO,DIESEL,2020,2019,1 A 3 MESES,121340.0,2024-09-28,7
CCM,CCM AUTOS 3,VOLKSWAGEN,83400.0,HYUNDAI,TUCSON TURBO GLS,CINZA,SEMI-NOVO,GASOLINA,2018,2017,MENOS DE 1 MES,63000.0,2024-10-02,9
CCM,CCM AUTOS 3,VOLKSWAGEN,70000.0,HYUNDAI,HB20X 16A DIAMON,PRATA,SEMI-NOVO,ALCOOL/GASOLINA,2022,2021,MENOS DE 1 MES,35032.0,2024-10-04,5
CCM,CCM AUTOS 3,VOLKSWAGEN,77000.0,CHEVROLET,CRUZE PRE NB AT,BRANCO,SEMI-NOVO,ALCOOL/GASOLINA,2020,2019,MENOS DE 1 MES,163200.0,2024-10-09,7
CCM,CCM AUTOS 3,VOLKSWAGEN,40000.0,CITROËN,C3 TENDANCE A,BRANCO,SEMI-NOVO,ALCOOL/GASOLINA,2018,2018,MENOS DE 1 MES,97152.0,2024-10-09,8
CCM,CCM AUTOS 3,VOLKSWAGEN,24000.0,FIAT,SIENA ESSENCE 1.6,PRATA,SEMI-NOVO,ALCOOL/GASOLINA,2014,2013,MENOS DE 1 MES,131000.0,2024-10-10,13
CCM,CCM AUTOS 3,VOLKSWAGEN,18000.0,VOLKSWAGEN,PARATI 1.6 SURF,PRATA,SEMI-NOVO,ALCOOL/GASOLINA,2009,2008,MENOS DE 1 MES,248000.0,2024-10-11,18
CCM,CCM AUTOS 3,VOLKSWAGEN,38000.0,VOLKSWAGEN,GOL 1.0L MC4,BRANCO,SEMI-NOVO,ALCOOL/GASOLINA,2020,2019,MENOS DE 1 MES,0.0,2024-10-15,7
CCM,CCM AUTOS 3,VOLKSWAGEN,58000.0,VOLKSWAGEN,VIRTUS COMFORTLINE AD,PRATA,SEMI-NOVO,ALCOOL/GASOLINA,2019,2018,MENOS DE 1 MES,110000.0,2024-10-19,8
CCM,CCM AUTOS 3,VOLKSWAGEN,105000.0,VOLKSWAGEN,TIGUAN ALLSPACE,PRATA,SEMI-NOVO,ALCOOL/GASOLINA,2020,2019,MENOS DE 1 MES,67519.0,2024-10-23,7
CCM,CCM AUTOS 3,VOLKSWAGEN,85000.0,VOLKSWAGEN,T CROS HL TSI AE,VERMELHO,SEMI-NOVO,ALCOOL/GASOLINA,2020,2019,MENOS DE 1 MES,93428.0,2024-10-23,7
CCM,CCM AUTOS 3,VOLKSWAGEN,85000.0,VOLKSWAGEN,T CROSS SENSE TSI,PRATA,SEMI-NOVO,ALCOOL/GASOLINA,2023,2022,MENOS DE 1 MES,55385.0,2024-10-25,4
CCM,CCM AUTOS 3,VOLKSWAGEN,54000.0,VOLKSWAGEN,POLO MCA 1.0,PRATA,SEMI-NOVO,ALCOOL/GASOLINA,2020,2019,MENOS DE 1 MES,79404.0,2024-10-28,7
CCM,CCM AUTOS 3,VOLKSWAGEN,45000.0,HYUNDAI,TUCSON GLSB-,PRETO,SEMI-NOVO,ALCOOL/GASOLINA,2016,2015,MENOS DE 1 MES,77251.0,2024-10-28,11
CCM,CCM AUTOS 3,VOLKSWAGEN,101500.0,VOLKSWAGEN,T CROSS CL TSI 1.0,BRANCO,SEMI-NOVO,ALCOOL/GASOLINA,1700,1700,MENOS DE 1 MES,0.0,1700-10-29,326
